{
    "key": "group_6284c30de0192",
    "title": "Page Components",
    "fields": [
        {
            "key": "field_6284c352c4071",
            "label": "Page Component",
            "name": "page_component",
            "type": "flexible_content",
            "instructions": "",
            "required": 0,
            "conditional_logic": 0,
            "wrapper": {
                "width": "",
                "class": "",
                "id": ""
            },
            "layouts": {
                "layout_628724c83ebdb": {
                    "key": "layout_628724c83ebdb",
                    "name": "banner_block",
                    "label": "Banner Block",
                    "display": "block",
                    "sub_fields": [
                        {
                            "key": "field_628724e7229ae",
                            "label": "Home Banner Background Image",
                            "name": "home_banner_background_image",
                            "type": "image",
                            "instructions": "",
                            "required": 0,
                            "conditional_logic": 0,
                            "wrapper": {
                                "width": "",
                                "class": "",
                                "id": ""
                            },
                            "return_format": "id",
                            "preview_size": "medium",
                            "library": "all",
                            "min_width": "",
                            "min_height": "",
                            "min_size": "",
                            "max_width": "",
                            "max_height": "",
                            "max_size": "",
                            "mime_types": ""
                        },
                        {
                            "key": "field_6287261a229af",
                            "label": "Home Banner Text",
                            "name": "home_banner_text",
                            "type": "text",
                            "instructions": "",
                            "required": 0,
                            "conditional_logic": 0,
                            "wrapper": {
                                "width": "",
                                "class": "",
                                "id": ""
                            },
                            "default_value": "",
                            "placeholder": "",
                            "prepend": "",
                            "append": "",
                            "maxlength": ""
                        },
                        {
                            "key": "field_6287263d229b0",
                            "label": "See Our Menu Link",
                            "name": "see_our_menu_link",
                            "type": "link",
                            "instructions": "",
                            "required": 0,
                            "conditional_logic": 0,
                            "wrapper": {
                                "width": "",
                                "class": "",
                                "id": ""
                            },
                            "return_format": "array"
                        },
                        {
                            "key": "field_6287264a229b1",
                            "label": "Order Online Link",
                            "name": "order_online_link",
                            "type": "link",
                            "instructions": "",
                            "required": 0,
                            "conditional_logic": 0,
                            "wrapper": {
                                "width": "",
                                "class": "",
                                "id": ""
                            },
                            "return_format": "array"
                        },
                        {
                            "key": "field_628b6d7a54002",
                            "label": "Scroll Down CTA",
                            "name": "scroll_down_cta",
                            "type": "true_false",
                            "instructions": "",
                            "required": 0,
                            "conditional_logic": 0,
                            "wrapper": {
                                "width": "",
                                "class": "",
                                "id": ""
                            },
                            "message": "",
                            "default_value": 0,
                            "ui": 1,
                            "ui_on_text": "",
                            "ui_off_text": ""
                        }
                    ],
                    "min": "",
                    "max": ""
                },
                "layout_62860d8d0e80e": {
                    "key": "layout_62860d8d0e80e",
                    "name": "two_column_block",
                    "label": "Two column block",
                    "display": "block",
                    "sub_fields": [
                        {
                            "key": "field_628b2ad8e8da6",
                            "label": "Background Image",
                            "name": "two_col_background_image",
                            "type": "image",
                            "instructions": "",
                            "required": 0,
                            "conditional_logic": 0,
                            "wrapper": {
                                "width": "",
                                "class": "",
                                "id": ""
                            },
                            "return_format": "id",
                            "preview_size": "medium",
                            "library": "all",
                            "min_width": "",
                            "min_height": "",
                            "min_size": "",
                            "max_width": "",
                            "max_height": "",
                            "max_size": "",
                            "mime_types": ""
                        },
                        {
                            "key": "field_62860da00e80f",
                            "label": "Title",
                            "name": "title",
                            "type": "text",
                            "instructions": "",
                            "required": 0,
                            "conditional_logic": 0,
                            "wrapper": {
                                "width": "",
                                "class": "",
                                "id": ""
                            },
                            "default_value": "",
                            "placeholder": "",
                            "prepend": "",
                            "append": "",
                            "maxlength": ""
                        },
                        {
                            "key": "field_62860db60e810",
                            "label": "Subtitle",
                            "name": "subtitle",
                            "type": "textarea",
                            "instructions": "",
                            "required": 0,
                            "conditional_logic": 0,
                            "wrapper": {
                                "width": "",
                                "class": "",
                                "id": ""
                            },
                            "default_value": "",
                            "placeholder": "",
                            "maxlength": "",
                            "rows": "",
                            "new_lines": "wpautop"
                        },
                        {
                            "key": "field_62860dbb0e811",
                            "label": "Content",
                            "name": "content",
                            "type": "wysiwyg",
                            "instructions": "",
                            "required": 0,
                            "conditional_logic": 0,
                            "wrapper": {
                                "width": "",
                                "class": "",
                                "id": ""
                            },
                            "default_value": "",
                            "tabs": "all",
                            "toolbar": "full",
                            "media_upload": 1,
                            "delay": 0
                        },
                        {
                            "key": "field_62860dc20e812",
                            "label": "CTA",
                            "name": "cta",
                            "type": "link",
                            "instructions": "",
                            "required": 0,
                            "conditional_logic": 0,
                            "wrapper": {
                                "width": "",
                                "class": "",
                                "id": ""
                            },
                            "return_format": "array"
                        },
                        {
                            "key": "field_62860dd40e813",
                            "label": "Image",
                            "name": "image",
                            "type": "image",
                            "instructions": "",
                            "required": 0,
                            "conditional_logic": 0,
                            "wrapper": {
                                "width": "",
                                "class": "",
                                "id": ""
                            },
                            "return_format": "id",
                            "preview_size": "medium",
                            "library": "all",
                            "min_width": "",
                            "min_height": "",
                            "min_size": "",
                            "max_width": "",
                            "max_height": "",
                            "max_size": "",
                            "mime_types": ""
                        },
                        {
                            "key": "field_62860dda0e814",
                            "label": "Image Position",
                            "name": "image_position",
                            "type": "select",
                            "instructions": "",
                            "required": 0,
                            "conditional_logic": 0,
                            "wrapper": {
                                "width": "",
                                "class": "",
                                "id": ""
                            },
                            "choices": {
                                "left": "Left",
                                "right": "Right"
                            },
                            "default_value": "left",
                            "allow_null": 0,
                            "multiple": 0,
                            "ui": 1,
                            "ajax": 0,
                            "return_format": "value",
                            "placeholder": ""
                        }
                    ],
                    "min": "",
                    "max": ""
                },
                "layout_62860e0f0e815": {
                    "key": "layout_62860e0f0e815",
                    "name": "gallery_block",
                    "label": "Gallery Block",
                    "display": "block",
                    "sub_fields": [
                        {
                            "key": "field_6285f771f0d01",
                            "label": "Image Gallery",
                            "name": "image_gallery_section",
                            "type": "gallery",
                            "instructions": "",
                            "required": 0,
                            "conditional_logic": 0,
                            "wrapper": {
                                "width": "",
                                "class": "",
                                "id": ""
                            },
                            "return_format": "array",
                            "preview_size": "medium",
                            "insert": "append",
                            "library": "all",
                            "min": "",
                            "max": "",
                            "min_width": "",
                            "min_height": "",
                            "min_size": "",
                            "max_width": "",
                            "max_height": "",
                            "max_size": "",
                            "mime_types": ""
                        },
                        {
                            "key": "field_628e42984c818",
                            "label": "Gallery Custom Class",
                            "name": "gallery_custom_class",
                            "type": "select",
                            "instructions": "",
                            "required": 0,
                            "conditional_logic": 0,
                            "wrapper": {
                                "width": "",
                                "class": "",
                                "id": ""
                            },
                            "choices": {
                                "gallery_home": "Gallery Home",
                                "gallery_page": "Gallery Page"
                            },
                            "default_value": false,
                            "allow_null": 0,
                            "multiple": 0,
                            "ui": 1,
                            "ajax": 0,
                            "return_format": "value",
                            "placeholder": ""
                        }
                    ],
                    "min": "",
                    "max": ""
                },
                "layout_628626f58a929": {
                    "key": "layout_628626f58a929",
                    "name": "location_block",
                    "label": "Location Block",
                    "display": "block",
                    "sub_fields": [
                        {
                            "key": "field_628b34f81f6d3",
                            "label": "Location Title",
                            "name": "location_title",
                            "type": "text",
                            "instructions": "",
                            "required": 0,
                            "conditional_logic": 0,
                            "wrapper": {
                                "width": "",
                                "class": "",
                                "id": ""
                            },
                            "default_value": "",
                            "placeholder": "",
                            "prepend": "",
                            "append": "",
                            "maxlength": ""
                        },
                        {
                            "key": "field_6287a770d0614",
                            "label": "Location",
                            "name": "location",
                            "type": "relationship",
                            "instructions": "",
                            "required": 0,
                            "conditional_logic": 0,
                            "wrapper": {
                                "width": "",
                                "class": "",
                                "id": ""
                            },
                            "post_type": [
                                "location"
                            ],
                            "taxonomy": "",
                            "filters": [
                                "search",
                                "post_type",
                                "taxonomy"
                            ],
                            "elements": [
                                "featured_image"
                            ],
                            "min": "",
                            "max": 5,
                            "return_format": "id"
                        },
                        {
                            "key": "field_6287ac1ce2379",
                            "label": "See Our Location",
                            "name": "see_our_location",
                            "type": "link",
                            "instructions": "",
                            "required": 0,
                            "conditional_logic": 0,
                            "wrapper": {
                                "width": "",
                                "class": "",
                                "id": ""
                            },
                            "return_format": "array"
                        }
                    ],
                    "min": "",
                    "max": ""
                },
                "layout_628627828a92a": {
                    "key": "layout_628627828a92a",
                    "name": "testimonial_block",
                    "label": "Testimonial Block",
                    "display": "block",
                    "sub_fields": [
                        {
                            "key": "field_6287af9379582",
                            "label": "Testimonial",
                            "name": "testimonial",
                            "type": "relationship",
                            "instructions": "",
                            "required": 0,
                            "conditional_logic": 0,
                            "wrapper": {
                                "width": "",
                                "class": "",
                                "id": ""
                            },
                            "post_type": [
                                "testimonial"
                            ],
                            "taxonomy": "",
                            "filters": [
                                "search"
                            ],
                            "elements": [
                                "featured_image"
                            ],
                            "min": "",
                            "max": "",
                            "return_format": "object"
                        }
                    ],
                    "min": "",
                    "max": ""
                },
                "layout_628b210f5180c": {
                    "key": "layout_628b210f5180c",
                    "name": "menu_block",
                    "label": "Menu Block",
                    "display": "block",
                    "sub_fields": [
                        {
                            "key": "field_628b211b5180d",
                            "label": "Menu",
                            "name": "menu",
                            "type": "repeater",
                            "instructions": "",
                            "required": 0,
                            "conditional_logic": 0,
                            "wrapper": {
                                "width": "",
                                "class": "",
                                "id": ""
                            },
                            "collapsed": "",
                            "min": 0,
                            "max": 0,
                            "layout": "row",
                            "button_label": "",
                            "sub_fields": [
                                {
                                    "key": "field_628b21425180e",
                                    "label": "Title",
                                    "name": "menu_title",
                                    "type": "text",
                                    "instructions": "",
                                    "required": 0,
                                    "conditional_logic": 0,
                                    "wrapper": {
                                        "width": "",
                                        "class": "",
                                        "id": ""
                                    },
                                    "default_value": "",
                                    "placeholder": "",
                                    "prepend": "",
                                    "append": "",
                                    "maxlength": ""
                                },
                                {
                                    "key": "field_628b21545180f",
                                    "label": "Top Tagline",
                                    "name": "top_tagline",
                                    "type": "text",
                                    "instructions": "",
                                    "required": 0,
                                    "conditional_logic": 0,
                                    "wrapper": {
                                        "width": "",
                                        "class": "",
                                        "id": ""
                                    },
                                    "default_value": "",
                                    "placeholder": "",
                                    "prepend": "",
                                    "append": "",
                                    "maxlength": ""
                                },
                                {
                                    "key": "field_628b216951810",
                                    "label": "Menu Items",
                                    "name": "menu_items",
                                    "type": "repeater",
                                    "instructions": "",
                                    "required": 0,
                                    "conditional_logic": 0,
                                    "wrapper": {
                                        "width": "",
                                        "class": "",
                                        "id": ""
                                    },
                                    "collapsed": "",
                                    "min": 0,
                                    "max": 0,
                                    "layout": "table",
                                    "button_label": "",
                                    "sub_fields": [
                                        {
                                            "key": "field_628b218451811",
                                            "label": "Food Title",
                                            "name": "food_title",
                                            "type": "text",
                                            "instructions": "",
                                            "required": 0,
                                            "conditional_logic": 0,
                                            "wrapper": {
                                                "width": "35",
                                                "class": "",
                                                "id": ""
                                            },
                                            "default_value": "",
                                            "placeholder": "",
                                            "prepend": "",
                                            "append": "",
                                            "maxlength": ""
                                        },
                                        {
                                            "key": "field_628b219851812",
                                            "label": "Ingredients",
                                            "name": "ingredients",
                                            "type": "textarea",
                                            "instructions": "",
                                            "required": 0,
                                            "conditional_logic": 0,
                                            "wrapper": {
                                                "width": "45",
                                                "class": "",
                                                "id": ""
                                            },
                                            "default_value": "",
                                            "placeholder": "",
                                            "maxlength": "",
                                            "rows": "",
                                            "new_lines": ""
                                        },
                                        {
                                            "key": "field_628b21b451813",
                                            "label": "Price",
                                            "name": "price",
                                            "type": "text",
                                            "instructions": "",
                                            "required": 0,
                                            "conditional_logic": 0,
                                            "wrapper": {
                                                "width": "25",
                                                "class": "",
                                                "id": ""
                                            },
                                            "default_value": "",
                                            "placeholder": "",
                                            "prepend": "",
                                            "append": "",
                                            "maxlength": ""
                                        }
                                    ]
                                },
                                {
                                    "key": "field_628b21c051814",
                                    "label": "Bottom Tagline",
                                    "name": "bottom_tagline",
                                    "type": "text",
                                    "instructions": "",
                                    "required": 0,
                                    "conditional_logic": 0,
                                    "wrapper": {
                                        "width": "",
                                        "class": "",
                                        "id": ""
                                    },
                                    "default_value": "",
                                    "placeholder": "",
                                    "prepend": "",
                                    "append": "",
                                    "maxlength": ""
                                }
                            ]
                        }
                    ],
                    "min": "",
                    "max": ""
                },
                "layout_628cb0afa6b9a": {
                    "key": "layout_628cb0afa6b9a",
                    "name": "location_list_with_content",
                    "label": "Location List with Content",
                    "display": "block",
                    "sub_fields": [
                        {
                            "key": "field_628cb0c9a6b9b",
                            "label": "Location List",
                            "name": "location_list",
                            "type": "relationship",
                            "instructions": "",
                            "required": 0,
                            "conditional_logic": 0,
                            "wrapper": {
                                "width": "",
                                "class": "",
                                "id": ""
                            },
                            "post_type": [
                                "location"
                            ],
                            "taxonomy": "",
                            "filters": [
                                "search",
                                "post_type"
                            ],
                            "elements": [
                                "featured_image"
                            ],
                            "min": "",
                            "max": "",
                            "return_format": "object"
                        }
                    ],
                    "min": "",
                    "max": ""
                }
            },
            "button_label": "Add Row",
            "min": "",
            "max": ""
        }
    ],
    "location": [
        [
            {
                "param": "post_type",
                "operator": "==",
                "value": "page"
            }
        ],
        [
            {
                "param": "post_type",
                "operator": "==",
                "value": "location"
            }
        ]
    ],
    "menu_order": 0,
    "position": "normal",
    "style": "default",
    "label_placement": "top",
    "instruction_placement": "label",
    "hide_on_screen": [
        "the_content"
    ],
    "active": true,
    "description": "",
    "modified": 1653551850
}